"UID","Name","DOI","Citation","Rights","More Information","Data generalisations","Information withheld","Download limit","Number of Records in Download"
"dr909","BRERC Notable Species records within the last 10 years","doi:10.15468/vntgox","Bristol Regional Environmental Records Centre ([Insert download year]). BRERC Notable Species records within the last 10 years. Occurrence dataset on the NBN Atlas","Creative Commons, with Attribution, Non-commercial v4.0 (CC-BY-NC) BRERC retains copyright. The data is provided via the NBN Atlas for non-commercial purposes.","For more information: email info@brerc.org.uk, or https://registry.nbnatlas.org/public/show/dr909","","","","1431"
"dp57","Bat Conservation Trust","","Records provided by Bat Conservation Trust, accessed through NBN Atlas website.","","For more information: email enquiries@bats.org.uk, or https://registry.nbnatlas.org/public/show/dp57","","","","4"
"dp56","Royal Horticultural Society","","Records provided by Royal Horticultural Society, accessed through NBN Atlas website.","","For more information: email membership@rhs.org.uk, or https://registry.nbnatlas.org/public/show/dp56","","","","17"
"dr2581","Nottinghamshire Wildlife Trust - Records","10.15468/p2vf4u","Data supplied by Nottinghamshire Wildlife Trust","Creative Commons, with Attribution, Non-commercial v4.0 (CC-BY-NC) CC BY-NC
      		Creative Commons Attribution Non-Commercial","For more information: email info@nottswt.co.uk, or https://registry.nbnatlas.org/public/show/dr2581","","","","31"
"dr2582","Yorkshire Wildlife Trust - Records","10.15468/7vpuhc","Data supplied by Yorkshire Wildlife Trust","Creative Commons with Attribution 4.0 (CC-BY) CC BY
      		Creative Commons Attribution","For more information: email info@ywt.org.uk, or https://registry.nbnatlas.org/public/show/dr2582","","","","2"
"dp291","Holy Loch Nature Reserve","","Records provided by Holy Loch Nature Reserve, accessed through NBN Atlas website.","","For more information:  https://registry.nbnatlas.org/public/show/dp291","","","","1"
"dr2464","Leicestershire and Rutland Environmental Records Centre records 2000-2009","10.15468/cs2zzf","Leicestershire and Rutland Environmental Records Centre ([Insert year of download]). Leicestershire and Rutland Environmental Records Centre records 2000-2009. Occurrence dataset on the NBN Atlas.","Creative Commons, with Attribution, Non-commercial v4.0 (CC-BY-NC) LRERC should be acknowledged in any use of the data.  The data supplier is contained within the dataset.  Further metadata on individual data suppliers datasets can be found by searching for the datasetID at https://my.lerc.online/Datasets.aspx?src=lr","For more information:  https://registry.nbnatlas.org/public/show/dr2464","","","","345"
"dr2465","Leicestershire and Rutland Environmental Records Centre records 2010-2014","10.15468/9n92x3","Leicestershire and Rutland Environmental Records Centre ([Insert year of download]). Leicestershire and Rutland Environmental Records Centre records 2010-2014. Occurrence dataset on the NBN Atlas","Creative Commons, with Attribution, Non-commercial v4.0 (CC-BY-NC) LRERC should be acknowledged in any use of the data.  The data supplier is contained within the dataset.  Further metadata on individual data suppliers datasets can be found by searching for the datasetID at https://my.lerc.online/Datasets.aspx?src=lr","For more information:  https://registry.nbnatlas.org/public/show/dr2465","","","","569"
"dr3553","National Peatland Action Programme Water Vole and Otter Surveys","10.15468/adnwtk","Natural Resources Wales. ([Insert year of download]) National Peatland Action Programme Water Vole and Otter Surveys. Occurrence dataset accessed through the NBNAtlas.","Open Government Licence (OGL) © CNC/NRW

Data may be re-used under the terms of the Open Government Licence providing it is done so, acknowledging both the source and NRW's copyright. It is the recipient's responsibility to ensure the data is fit for the intended purpose.

Attribution statement: Contains Natural Resources Wales information © Natural Resources Wales and Database Right. All rights Reserved.
Natural Resources Wales. ([Insert year of download]) National Peatland Action Programme Water Vole and Otter Surveys. Occurrence dataset accessed through the NBNAtlas.","For more information:  https://registry.nbnatlas.org/public/show/dr3553","","","","15"
"dr3310","Record species dataset covering Cheshire, Halton, Warrington & Wirral","10.15468/5yc69s","Records provided by Record species dataset covering Cheshire, Halton, Warrington & Wirral, accessed through NBN Atlas website.","Creative Commons, with Attribution, Non-commercial v4.0 (CC-BY-NC)","For more information:  https://registry.nbnatlas.org/public/show/dr3310","","","","5"
"dr2463","Leicestershire and Rutland Environmental Records Centre records pre 2000","10.15468/res3cx","Leicestershire and Rutland Environmental Records Centre ([Insert year of download]). Leicestershire and Rutland Environmental Records Centre records pre 2000. Occurrence dataset on the NBN Atlas.","Creative Commons, with Attribution, Non-commercial v4.0 (CC-BY-NC) LRERC should be acknowledged in any use of the data.  The data supplier is contained within the dataset.  Further metadata on individual data suppliers datasets can be found by searching for the datasetID at https://my.lerc.online/Datasets.aspx?src=lr","For more information:  https://registry.nbnatlas.org/public/show/dr2463","","","","26"
"dr344","Water vole survey of Beinn Eighe National Nature Reserve - October 2011","doi:10.15468/geg9y3","NatureScot ([Insert download year]). Water vole survey of Beinn Eighe National Nature Reserve - October 2011. Occurrence dataset on the NBN Atlas","Open Government Licence (OGL) OGL","For more information:  https://registry.nbnatlas.org/public/show/dr344","","","","2"
"dr1930","Copeland Island Bird Observatory SeaWatch Survey","10.15468/s45hpf","Centre for Environmental Data and Recording ([Insert download year]). Copeland Island Bird Observatory SeaWatch Survey. Occurrence dataset on the NBN Atlas","Creative Commons with Attribution 4.0 (CC-BY) Copeland Island Bird Observatory","For more information:  https://registry.nbnatlas.org/public/show/dr1930","","","","24"
"dr2466","Leicestershire and Rutland Environmental Records Centre records 2015-2019","10.15468/dues93","Leicestershire and Rutland Environmental Records Centre ([Insert year of download]). Leicestershire and Rutland Environmental Records Centre records 2015-2019. Occurrence dataset on the NBN Atlas.","Creative Commons, with Attribution, Non-commercial v4.0 (CC-BY-NC) LRERC should be acknowledged in any use of the data.  The data supplier is contained within the dataset.  Further metadata on individual data suppliers datasets can be found by searching for the datasetID at https://my.lerc.online/Datasets.aspx?src=lr","For more information:  https://registry.nbnatlas.org/public/show/dr2466","","","","339"
"dr2467","Leicestershire and Rutland Environmental Records Centre records 2020-2024","10.15468/gyrxjn","Leicestershire and Rutland Environmental Records Centre ([Insert year of download]). Leicestershire and Rutland Environmental Records Centre records 2020. Occurrence dataset on the NBN Atlas","Creative Commons, with Attribution, Non-commercial v4.0 (CC-BY-NC) LRERC should be acknowledged in any use of the data.  The data supplier is contained within the dataset.  Further metadata on individual data suppliers datasets can be found by searching for the datasetID at https://my.lerc.online/Datasets.aspx?src=lr","For more information:  https://registry.nbnatlas.org/public/show/dr2467","","","","149"
"dp162","Fife Nature Records Centre","","Records provided by Fife Nature Records Centre, accessed through NBN Atlas website.","","For more information: email nature.info@fife.gov.uk, or https://registry.nbnatlas.org/public/show/dp162","","","","216"
"dr1934","NRW Regional Data: South East Wales Sensitive species","10.15468/zk26dm","SEWBReC ([Insert download year]). NRW Regional Data: South East Wales Sensitive species. Occurrence dataset on the NBN Atlas","Open Government Licence (OGL)","For more information:  https://registry.nbnatlas.org/public/show/dr1934","","","","9"
"dr1417","Mammal records captured from Licence Returns submitted to Natural Resources Wales","doi:10.15468/turlas","Records captured from Licence Returns submitted to Natural Resources Wales (primarily mammal records), COFNOD (2019)","Open Government Licence (OGL) OGL","For more information: email record@cofnod.org.uk, or https://registry.nbnatlas.org/public/show/dr1417","","","","1"
"dr749","Seasearch Marine Surveys in Scotland","doi:10.15468/0hyjxi","Seasearch ([Insert download year]). Seasearch Marine Surveys in Scotland. Occurrence dataset on the NBN Atlas","Creative Commons with Attribution 4.0 (CC-BY) CC-BY","For more information: email info@seasearch.org.uk, or https://registry.nbnatlas.org/public/show/dr749","","","","2"
"dr502","Biological Recording in Scotland - Scotsman Wildlife Surveys","doi:10.15468/t50yhv","The Wildlife Information Centre or BRISC (depends on orginator in dataset name)","Creative Commons, with Attribution, Non-commercial v4.0 (CC-BY-NC) CC-BY-NC","For more information: email admin@wildlifeinformation.co.uk, or https://registry.nbnatlas.org/public/show/dr502","","","","1"
"dr743","Mammal records from Britain from the Atlas of Mammals (1993), with some subsequent records","doi:10.15468/1qyxis","Biological Records Centre ([Insert download year]). Mammal records from Britain from the Atlas of Mammals (1993), with some subsequent records. Occurrence dataset on the NBN Atlas","Creative Commons with Attribution 4.0 (CC-BY) CC-BY","For more information: email brc@ceh.ac.uk, or https://registry.nbnatlas.org/public/show/dr743","","","","4022"
"dr867","Suffolk Biodiversity Information Service (SBIS) Dataset","doi:10.15468/ab4vwo","Suffolk Biodiversity Information Service ([Insert download year]). Suffolk Biodiversity Information Service (SBIS) Dataset. Occurrence dataset on the NBN Atlas","Creative Commons, with Attribution, Non-commercial v4.0 (CC-BY-NC) CC-BY-NC","For more information: email martin.sanford@suffolk.gov.uk, or https://registry.nbnatlas.org/public/show/dr867","","","","2210"
"dp205","The Road Lab UK","","Records provided by The Road Lab UK, accessed through NBN Atlas website.","","For more information:  https://registry.nbnatlas.org/public/show/dp205","","","","1563"
"dp59","Argyll Biological Records Centre","","Records provided by Argyll Biological Records Centre, accessed through NBN Atlas website.","","For more information: email data@lnhg.org.uk, or https://registry.nbnatlas.org/public/show/dp59","","","","1018"
"dp43","The Wildlife Information Centre","","Records provided by The Wildlife Information Centre, accessed through NBN Atlas website.","","For more information: email info@wildlifeinformation.co.uk, or https://registry.nbnatlas.org/public/show/dp43","","","","113"
"dp0","Royal Society for the Protection of Birds","","Records provided by Royal Society for the Protection of Birds, accessed through NBN Atlas website.","","For more information: email Dataunit@rspb.org.uk, or https://registry.nbnatlas.org/public/show/dp0","","","","103"
"dp3","Outer Hebrides Biological Recording","","Records provided by Outer Hebrides Biological Recording, accessed through NBN Atlas website.","","For more information: email admin@ohbr.org.uk, or https://registry.nbnatlas.org/public/show/dp3","","","","459"
"dp41","John Muir Trust","","Records provided by John Muir Trust, accessed through NBN Atlas website.","","For more information: email admin@johnmuirtrust.org, or https://registry.nbnatlas.org/public/show/dp41","","","","31"
"dp2","Scottish Wildlife Trust","","Records provided by Scottish Wildlife Trust, accessed through NBN Atlas website.","","For more information: email kedata@scottishwildlifetrust.org.uk, or https://registry.nbnatlas.org/public/show/dp2","","","","334"
"dp7","Highland Biological Recording Group","","Records provided by Highland Biological Recording Group, accessed through NBN Atlas website.","","For more information:  https://registry.nbnatlas.org/public/show/dp7","","","","6270"
"dr2194","East Lothian Council Ranger Service Records","10.15468/fhf9y7","East Lothian Council Ranger Service Records, TWIC (2020)","Creative Commons, with Attribution, Non-commercial v4.0 (CC-BY-NC)","For more information:  https://registry.nbnatlas.org/public/show/dr2194","","","","16"
"dp160","Glasgow Museums Biological Records Centre","","Records provided by Glasgow Museums Biological Records Centre, accessed through NBN Atlas website.","","For more information:  https://registry.nbnatlas.org/public/show/dp160","","","","319"
"dp9","NatureScot","","Records provided by NatureScot, accessed through NBN Atlas website.","","For more information:  https://registry.nbnatlas.org/public/show/dp9","","","","805"
"dr2079","Manx Biological Recording Partnership VERIFIED Isle of Man records between 14/02/2017 and 05/09/2019","10.15468/dudjqq","Manx Biological Recording Partnership (2019). Isle of Man verified records between 14/02/2017 and 05/09/2019","Creative Commons, with Attribution, Non-commercial v4.0 (CC-BY-NC) Please acknowledge the Manx Biological Recording Partnership,  https://isleofman.nbnatlas.org/","For more information:  https://registry.nbnatlas.org/public/show/dr2079","","","","1"
"dp8","Mammal Society","","Records provided by Mammal Society, accessed through NBN Atlas website.","","For more information: email atlas@themammalsociety.org, or https://registry.nbnatlas.org/public/show/dp8","","","","11316"
"dr1420","Miscellaneous records held on the Cofnod database","doi:10.15468/hcgqsi","Cofnod ([Insert download year]). Miscellaneous records held on the Cofnod database. Occurrence dataset on the NBN Atlas","Creative Commons, with Attribution, Non-commercial v4.0 (CC-BY-NC) CC-BY-NC","For more information: email record@cofnod.org.uk, or https://registry.nbnatlas.org/public/show/dr1420","","","","2076"
"dp154","NatureSpot","","Records provided by NatureSpot, accessed through NBN Atlas website.","","For more information: email info@naturespot.org, or https://registry.nbnatlas.org/public/show/dp154","","","","253"
"dr1786","Montgomeryshire Wildlife Trust records held by BIS","doi:10.15468/vozyfp","BIS for Powys and Brecon Beacons National Park ([Insert download year]). Mongomeryshire Wildlife Trust records held by BIS. Occurrence dataset on the NBN Atlas","Creative Commons, with Attribution, Non-commercial v4.0 (CC-BY-NC)","For more information:  https://registry.nbnatlas.org/public/show/dr1786","","","","72"
"dp275","British Herpetological Society","","Records provided by British Herpetological Society, accessed through NBN Atlas website.","","For more information:  https://registry.nbnatlas.org/public/show/dp275","","","","2"
"dr1941","Northern Ireland Environment Agency (NIEA) Collated Species Records","10.15468/gefbqb","Northern Ireland Environment Agency (NIEA) Collated Species Records, CEDaR (2019)","Open Government Licence (OGL)","For more information:  https://registry.nbnatlas.org/public/show/dr1941","","","","889"
"dr3689","Essex Wildlife Trust - Records","","Data supplied by Essex Wildlife Trust","Creative Commons with Attribution 4.0 (CC-BY) CC BY
      		Creative Commons Attribution","For more information: email records@essexwt.org.uk, or https://registry.nbnatlas.org/public/show/dr3689","","","","426"
"dr1787","Radnorshire Wildlife Trust records held by BIS","doi:10.15468/hxqokw","BIS for Powys and Brecon Beacons National Park ([Insert download year]). Radnorshire Wildlife Trust records held by BIS. Occurrence dataset on the NBN Atlas","Creative Commons, with Attribution, Non-commercial v4.0 (CC-BY-NC)","For more information:  https://registry.nbnatlas.org/public/show/dr1787","","","","21"
"dp156","Leicestershire and Rutland Environmental Records Centre","","Records provided by Leicestershire and Rutland Environmental Records Centre, accessed through NBN Atlas website.","","For more information: email LRERC@leics.gov.uk, or https://registry.nbnatlas.org/public/show/dp156","","","","1428"
"dp277","MammalWeb","","Records provided by MammalWeb, accessed through NBN Atlas website.","","For more information:  https://registry.nbnatlas.org/public/show/dp277","","","","84"
"dr1784","Miscellaneous records held by BIS","doi:10.15468/mo7peo","BIS for Powys and Brecon Beacons National Park ([Insert download year]). Miscellaneous records held by BIS. Occurrence dataset on the NBN Atlas","Creative Commons, with Attribution, Non-commercial v4.0 (CC-BY-NC)","For more information:  https://registry.nbnatlas.org/public/show/dr1784","","","","233"
"dr1785","Brecknock Wildlife Trust (Now WTSWW Brecknockhire) records held by BIS","doi:10.15468/hd7pvq","BIS for Powys and Brecon Beacons National Park ([Insert download year]). Brecknock Wildlife Trust (Now WTSWW Brecknockhire) records held by BIS. Occurrence dataset on the NBN Atlas","Creative Commons, with Attribution, Non-commercial v4.0 (CC-BY-NC)","For more information:  https://registry.nbnatlas.org/public/show/dr1785","","","","51"
"dr851","Merseyside BioBank (verified)","doi:10.15468/ar0p6s","Merseyside BioBank (2020) www.merseysidebiobank.org.uk","Creative Commons, with Attribution, Non-commercial v4.0 (CC-BY-NC) CC-BY-NC","For more information: email Info@MerseysideBioBank.org.uk, or https://registry.nbnatlas.org/public/show/dr851","","","","38"
"dr2637","RSPB Lochwinnoch incidental species records","10.15468/axk5hc","The Royal Society for the Protection of Birds ([Insert download year]). RSPB Lochwinnoch incidental species records. Occurrence dataset on the NBN Atlas","Creative Commons with Attribution 4.0 (CC-BY) Garnock Connections is a Landscape Partnership Scheme led by RSPB Scotland in partnership with North Ayrshire Council, Scottish Environment Protection Agency (SEPA), NatureScot and the Scottish Wildlife Trust. Historic Environment Scotland (HES) act as an advisory body to the partnership. Garnock Connections has been supported by a grant from the National Lottery Heritage Fund and a grant from the Nature Restoration Fund.","For more information:  https://registry.nbnatlas.org/public/show/dr2637","","","","79"
"dr1306","Marine Records from Pembrokeshire Marine Species Atlas","10.15468/42yudm","Natural Resources Wales.  ([Insert year of download])  Marine Records from Pembrokeshire Marine Species Atlas.  Occurrence dataset accessed through the NBNAtlas","Open Government Licence (OGL) © CNC/NRW
Data may be re-used under the terms of the Open Government Licence providing it is done so, acknowledging both the source and NRW's copyright. It is the recipient's responsibility to ensure the data is fit for the intended purpose.

Attribution statement: Contains Natural Resources Wales information © Natural Resources Wales and Database Right. All rights Reserved.","For more information:  https://registry.nbnatlas.org/public/show/dr1306","","","","1"
"dr1307","Natural Resources Wales (NRW) Licence Return Dataset","10.15468/wlg2vm","Natural Resources Wales.  ([Insert year of download]) Natural Resources Wales (NRW) Licence Return Dataset.  Occurrence dataset accessed through the NBNAtlas","Open Government Licence (OGL) © CNC/NRW
Data may be re-used under the terms of the Open Government Licence providing it is done so, acknowledging both the source and NRW's copyright. It is the recipient's responsibility to ensure the data is fit for the intended purpose.

Attribution statement: Contains Natural Resources Wales information © Natural Resources Wales and Database Right. All rights Reserved.","For more information:  https://registry.nbnatlas.org/public/show/dr1307","","","","940"
"dr693","Seasearch Marine Surveys in Ireland","doi:10.15468/pyugge","Seasearch ([Insert download year]). Seasearch Marine Surveys in Ireland. Occurrence dataset on the NBN Atlas","Creative Commons with Attribution 4.0 (CC-BY) CC-BY","For more information: email info@seasearch.org.uk, or https://registry.nbnatlas.org/public/show/dr693","","","","2"
"dr858","City of Edinburgh Natural Heritage Service - Ranger Ad-hoc records and sightings","doi:10.15468/ealk6c","The Wildlife Information Centre ([Insert download year]). City of Edinburgh Natural Heritage Service - Ranger Ad-hoc records and sightings. Occurrence dataset on the NBN Atlas","Open Government Licence (OGL) OGL","For more information: email admin@wildlifeinformation.co.uk, or https://registry.nbnatlas.org/public/show/dr858","","","","15"
"dr1309","Glasgow Museums BRC: Mammals","10.15468/fphygc","Glasgow Museums BRC ([Insert download year]). Glasgow Museums BRC: Mammals. Occurrence dataset on the NBN Atlas","Creative Commons, with Attribution, Non-commercial v4.0 (CC-BY-NC) CC-BY-NC","For more information:  https://registry.nbnatlas.org/public/show/dr1309","","","","319"
"dr855","All taxa records for Leicestershire and Rutland","doi:10.15468/i46are","Records provided by All taxa records for Leicestershire and Rutland, accessed through NBN Atlas website.","Creative Commons with Attribution 4.0 (CC-BY) CC BY
      		Creative Commons Attribution","For more information:  https://registry.nbnatlas.org/public/show/dr855","","","","253"
"dp77","Biological Records Centre","","Records provided by Biological Records Centre, accessed through NBN Atlas website.","","For more information: email brc@ceh.ac.uk, or https://registry.nbnatlas.org/public/show/dp77","","","","4022"
"dr807","SEWBReC Mammals (South East Wales)","doi:10.15468/atlxpp","Records provided by SEWBReC Mammals (South East Wales), accessed through NBN Atlas website.","Creative Commons, with Attribution, Non-commercial v4.0 (CC-BY-NC) CC-BY-NC","For more information: email info@sewbrec.org.uk, or https://registry.nbnatlas.org/public/show/dr807","","","","76"
"dp191","Sussex Biodiversity Record Centre","","Records provided by Sussex Biodiversity Record Centre, accessed through NBN Atlas website.","","For more information:  https://registry.nbnatlas.org/public/show/dp191","","","","1"
"dr1270","North East Scotland Terrestrial Mammals 1900-2017 (excluding squirrels, wild cats and marine mammals)","doi:10.15468/qt0mly","Records provided by North East Scotland Terrestrial Mammals 1900-2017 (excluding squirrels, wild cats and marine mammals), accessed through NBN Atlas website.","Creative Commons, with Attribution, Non-commercial v4.0 (CC-BY-NC) CC-BY-NC","For more information: email nesbrec@aberdeenshire.gov.uk, or https://registry.nbnatlas.org/public/show/dr1270","This dataset is only available on the NBN Atlas at 1Km resolution. Users who wish to access data at a higher resolution and/or data relating to sensitive species should contact NESBReC directly. Data searches for commercial purposes will incur a service charge by NESBReC.","","","2327"
"dr1155","Natural Resources Wales Regional Data : Mid-Wales","doi:10.15468/whj6d7","BIS for Powys & Brecon Beacons National Park ([Insert download year]). Natural Resources Wales Regional Data : Mid-Wales. Occurrence dataset on the NBN Atlas","Open Government Licence (OGL) OGL","For more information:  https://registry.nbnatlas.org/public/show/dr1155","","Additional information is available from BIS – www.bis.org.uk. This dataset contains sensitive species records which may only be made available at full resolution under licence to approved individuals and organisations following a request to BIS. It is provided under strict confidentiality terms.","","633"
"dr1398","Mammal records for Dumfries and Galloway","doi:10.15468/oirkpx","South West Scotland Environmental Information Centre ([Insert download year]). Mammal records for Dumfries and Galloway. Occurrence dataset on the NBN Atlas","Creative Commons, with Attribution, Non-commercial v4.0 (CC-BY-NC) CC-BY-NC","For more information: email info@dgerc.org.uk, or https://registry.nbnatlas.org/public/show/dr1398","","","","315"
"dr762","Species Records for John Muir Trust Properties 2007-2009","doi:10.15468/p5lw5z","John Muir Trust ([Insert download year]). Species Records for John Muir Trust Properties 2007-2009. Occurrence dataset on the NBN Atlas","Creative Commons, with Attribution, Non-commercial v4.0 (CC-BY-NC) CC-BY-NC","For more information: email Elizabeth@jmt.org , or https://registry.nbnatlas.org/public/show/dr762","","","","26"
"dr2006","TWIC General Records (2015 - present)","10.15468/mfk5k7","TWIC General Records (2015 - present), TWIC (2020)","Creative Commons, with Attribution, Non-commercial v4.0 (CC-BY-NC)","For more information:  https://registry.nbnatlas.org/public/show/dr2006","","","","7"
"dr2248","Bob Merritt invertebrate records for VCs 72-75","10.15468/a35rnz","SWSEIC (2020). Bob Merritt invertebrate records for VCs 72-75","Creative Commons, with Attribution, Non-commercial v4.0 (CC-BY-NC)","For more information:  https://registry.nbnatlas.org/public/show/dr2248","","","","2"
"dr883","Marine Nature Conservation Review (MNCR) and associated benthic marine data held and managed by JNCC","doi:10.15468/kcx3ca","Joint Nature Conservation Committee ([Insert download year]). Marine Nature Conservation Review (MNCR) and associated benthic marine data held and managed by JNCC. Occurrence dataset on the NBN Atlas","Open Government Licence (OGL) OGL","For more information:  https://registry.nbnatlas.org/public/show/dr883","","","","2"
"dr2249","NBMP Sunset-Sunrise Survey","10.15468/brmbw2","National Bat Monitoring Programme [date accessed] Sunset/Sunrise Survey, Bat Conservation Trust.","Open Government Licence (OGL) OGL
      		Open Government Licence","For more information:  https://registry.nbnatlas.org/public/show/dr2249","","","","4"
"dp101","Cambridgeshire & Peterborough Environmental Records Centre","","Records provided by Cambridgeshire & Peterborough Environmental Records Centre, accessed through NBN Atlas website.","","For more information: email data@cperc.org.uk, or https://registry.nbnatlas.org/public/show/dp101","","","","1225"
"dr885","HBRG Vertebrates (not Badger) Dataset","10.15468/vaassa","Highland Biological Recording Group ([Insert year of download]). HBRG Vertebrates (not Badger) Dataset. Occurrence dataset on the NBN Atlas.","Creative Commons with Attribution 4.0 (CC-BY) CC-BY","For more information:  https://registry.nbnatlas.org/public/show/dr885","","","","6270"
"dr1312","Stackpole National Nature Reserve Species Inventory and Ad-hoc Sightings from Across Pembrokeshire","10.15468/k6hvb8","Natural Resources Wales.  ([Insert year of download])  Stackpole National Nature Reserve Species Inventory and Ad-hoc Sightings from Across Pembrokeshire. Occurrence dataset accessed through the NBNAtlas","Open Government Licence (OGL) © CNC/NRW
Data may be re-used under the terms of the Open Government Licence providing it is done so, acknowledging both the source and NRW's copyright. It is the recipient's responsibility to ensure the data is fit for the intended purpose.

Attribution statement: Contains Natural Resources Wales information © Natural Resources Wales and Database Right. All rights Reserved.","For more information:  https://registry.nbnatlas.org/public/show/dr1312","","","","293"
"dr2005","R. Manning's Records","10.15468/n75ptu","The Wildlife Information Centre ([Insert download year]). R. Manning's Records. Occurrence dataset on the NBN Atlas","Creative Commons, with Attribution, Non-commercial v4.0 (CC-BY-NC)","For more information:  https://registry.nbnatlas.org/public/show/dr2005","","","","43"
"dp186","West Wales Biodiversity Information Centre","","Records provided by West Wales Biodiversity Information Centre, accessed through NBN Atlas website.","","For more information:  https://registry.nbnatlas.org/public/show/dp186","","","","1928"
"dr1954","CEDaR Online Recording","10.15468/ke4kw8","Records provided by CEDaR Online Recording, accessed through NBN Atlas website.","Creative Commons with Attribution 4.0 (CC-BY) CC BY
      		Creative Commons Attribution","For more information:  https://registry.nbnatlas.org/public/show/dr1954","","","","311"
"dp107","Bristol Regional Environmental Records Centre","","Records provided by Bristol Regional Environmental Records Centre, accessed through NBN Atlas website.","","For more information: email dataenquiries@brerc.org.uk, or https://registry.nbnatlas.org/public/show/dp107","","","","3644"
"dp109","Lancashire Environment Record Network","","Records provided by Lancashire Environment Record Network, accessed through NBN Atlas website.","","For more information: email lern@lancashire.gov.uk, or https://registry.nbnatlas.org/public/show/dp109","","","","303"
"dr529","Non-avian taxa (BTO+partners)","doi:10.15468/2m9nxa","Records provided by BTO, accessed through NBN Atlas website","Creative Commons, with Attribution, Non-commercial v4.0 (CC-BY-NC)","For more information:  https://registry.nbnatlas.org/public/show/dr529","","","","2165"
"dr766","Survey and monitoring records for Scottish Wildlife Trust reserves from reserve convenors and Trust volunteers - Verified data","doi:10.15468/yyd4b9","Scottish Wildlife Trust ([Insert download year]). Survey and monitoring records for Scottish Wildlife Trust reserves from reserve convenors and Trust volunteers - Verified data. Occurrence dataset on the NBN Atlas","Creative Commons with Attribution 4.0 (CC-BY) CC-BY","For more information: email kedata@scottishwildlifetrust.org.uk, or https://registry.nbnatlas.org/public/show/dr766","","","","35"
"dr765","Commissioned surveys and staff surveys and reports for Scottish Wildlife Trust reserves - Verified data","doi:10.15468/a6snhl","Scottish Wildlife Trust ([Insert download year]). Commissioned surveys and staff surveys and reports for Scottish Wildlife Trust reserves - Verified data. Occurrence dataset on the NBN Atlas","Creative Commons with Attribution 4.0 (CC-BY) CC-BY","For more information: email kedata@scottishwildlifetrust.org.uk, or https://registry.nbnatlas.org/public/show/dr765","","","","237"
"dp104","South West Scotland Environmental Information Centre (formerly DGERC)","","Records provided by South West Scotland Environmental Information Centre (formerly DGERC), accessed through NBN Atlas website.","","For more information: email mpollitt@swseic.org.uk, or https://registry.nbnatlas.org/public/show/dp104","","","","317"
"dr886","St Andrews BioBlitz 2014","10.15468/erweal","Fife Nature Records Centre ([Insert download year]). St Andrews BioBlitz 2014. Occurrence dataset on the NBN Atlas","Creative Commons, with Attribution, Non-commercial v4.0 (CC-BY-NC) CC-BY-NC","For more information: email nature.info@fife.gov.uk, or https://registry.nbnatlas.org/public/show/dr886","","","","1"
"dp105","Essex Wildlife Trust","","Records provided by Essex Wildlife Trust, accessed through NBN Atlas website.","","For more information:  https://registry.nbnatlas.org/public/show/dp105","","","","426"
"dr922","TWIC Biodiversity Field Trip Data (1995-present)","doi:10.15468/ljc0ke","The Wildlife Information Centre ([Insert download year]). TWIC Biodiversity Field Trip Data (1995-present). Occurrence dataset on the NBN Atlas. CC-BY-NC (DOI number: 10.15468/ljc0ke)","Creative Commons, with Attribution, Non-commercial v4.0 (CC-BY-NC) CC-BY-NC","For more information: email admin@wildlifeinformation.co.uk, or https://registry.nbnatlas.org/public/show/dr922","Badger records have been blurred to 2km-square resolution.","Recorder names have been withheld","","6"
"dr2096","Sheffield and Rotherham Wildlife Trust - Records","10.15468/x3wdpp","Data supplied by Sheffield and Rotherham Wildlife Trust","Creative Commons, with Attribution, Non-commercial v4.0 (CC-BY-NC) CC BY-NC
      		Creative Commons Attribution Non-Commercial","For more information: email mail@wildsheffield.com, or https://registry.nbnatlas.org/public/show/dr2096","","","","100"
"dr1164","LERN Records","doi:10.15468/esxc9a","Lancashire Environment Record Network ([Insert download year]). LERN Records. Occurrence dataset on the NBN Atlas","Creative Commons, with Attribution, Non-commercial v4.0 (CC-BY-NC) CC-BY-NC","For more information: email lern@lancashire.gov.uk, or https://registry.nbnatlas.org/public/show/dr1164","","","","303"
"dp297","Environmental Records Centre for Cornwall & Isles of Scilly","","Records provided by Environmental Records Centre for Cornwall & Isles of Scilly, accessed through NBN Atlas website.","","For more information: email erccisstaff@cornwallwildlifetrust.org.uk, or https://registry.nbnatlas.org/public/show/dp297","","","","682"
"dr2930","MammalWeb records Non-Commercial (pre-2024)","10.15468/se5ad5","Hsing, P.-Y., Hill, R. A., Smith, G. C., Bradley, S., Green, S. E., Kent, V. T., Mason, S. S., Rees, J., Whittingham, M. J., Cokill, J., MammalWeb citizen scientists & Stephens, P. A. (2022). Large-scale mammal monitoring: The potential of a citizen science camera-trapping project in the United Kingdom. Ecological Solutions and Evidence, 3, e12180. https://doi.org/10.1002/2688-8319.12180","Creative Commons, with Attribution, Non-commercial v4.0 (CC-BY-NC)","For more information:  https://registry.nbnatlas.org/public/show/dr2930","","","","67"
"dp177","Rotherham Biological Records Centre","","Records provided by Rotherham Biological Records Centre, accessed through NBN Atlas website.","","For more information:  https://registry.nbnatlas.org/public/show/dp177","","","","30"
"dr1842","iRecord Surveys","doi:10.15468/i7x5ca","Natural England iRecord Surveys ([year of download])","Open Government Licence (OGL) OGL 
      		Open Government Licence (OGL 3.0)","For more information:  https://registry.nbnatlas.org/public/show/dr1842","","","","2"
"dr510","The Wildlife Information Centre - LBS Network Strategic Survey","doi:10.15468/7l4izb","The Wildlife Information Centre or BRISC (depends on orginator in dataset name)","Creative Commons, with Attribution, Non-commercial v4.0 (CC-BY-NC) CC-BY-NC","For more information: email admin@wildlifeinformation.co.uk, or https://registry.nbnatlas.org/public/show/dr510","","","","3"
"dr1967","West Wales Online Records","10.15468/xenbgn","West Wales Biodiversity Information Centre ([Insert year of download]). West Wales Online Records. Occurrence dataset on the NBN Atlas","Creative Commons, with Attribution, Non-commercial v4.0 (CC-BY-NC)","For more information:  https://registry.nbnatlas.org/public/show/dr1967","","","","65"
"dr2811","The Lothian Mammal Survey","10.15468/y4vrfh","The Wildlife Information Centre ([Insert download year]). The Lothian Mammal Survey. Occurrence dataset on the NBN Atlas","Creative Commons, with Attribution, Non-commercial v4.0 (CC-BY-NC)","For more information:  https://registry.nbnatlas.org/public/show/dr2811","","","","3"
"dr2019","Collated IRTU Freshwater Surveys","10.15468/djpqaz","Collated IRTU Freshwater Surveys, CEDaR (2019)","Open Government Licence (OGL) NIEA","For more information:  https://registry.nbnatlas.org/public/show/dr2019","","","","1"
"dr1726","Ulster Wildlife Living Seas Marine Species Records","10.15468/vkuz8x","Centre for Environmental Data and Recording ([Insert download year]). Ulster Wildlife Living Seas Marine Species Records. Occurrence dataset on the NBN Atlas","Creative Commons with Attribution 4.0 (CC-BY) Ulster Wildlife","For more information:  https://registry.nbnatlas.org/public/show/dr1726","","","","1"
"dr914","St Andrews BioBlitz 2015","10.15468/xtrbvy","Fife Nature Records Centre ([Insert download year]). St Andrews BioBlitz 2015. Occurrence dataset on the NBN Atlas","Creative Commons, with Attribution, Non-commercial v4.0 (CC-BY-NC) CC-BY-NC","For more information: email nature.info@fife.gov.uk, or https://registry.nbnatlas.org/public/show/dr914","","","","1"
"dr755","NBIS Records to December 2016","doi:10.15468/jca5lo","Norfolk Biodiversity Information Service ([Insert download year]). NBIS Records to December 2016. Occurrence dataset on the NBN Atlas","Creative Commons, with Attribution, Non-commercial v4.0 (CC-BY-NC) CC-BY-NC","For more information: email nbis@norfolk.gov.uk, or https://registry.nbnatlas.org/public/show/dr755","","","","2689"
"dr911","WDC Shorewatch Sightings 2005-2023","doi:10.15468/9vuieb","Whale and Dolphin Conservation (WDC) <Year of Publication>. <Species> sightings collected from Shorewatch sites around <site / region>. WDC Shorewatch Sightings Dataset <Insert time frame in which the sightings used were recorded>. Accessed <Insert the day, month and year the data were accessed and downloaded> via NBN Atlas occurrence download at http://nbnatlas.org. Made available under agreement on terms and conditions of use via the WDC Shorewatch Programme, whales.org/Shorewatch | data@shorewatch.org.","Creative Commons, with Attribution, Non-commercial v4.0 (CC-BY-NC) Please provide details of use to data@shorewatch.org for all data uses/publications (both formal and informal) so that we can internal track usage","For more information:  https://registry.nbnatlas.org/public/show/dr911","","For more infomration about the Shorewatch Programme, please visit: whales.org/shorewatch.  For an up-to-date set of sightings data (more recent than annual) or for an effort-based data set, please contact shorewatch.data@whales.org","","167"
"dp96","BIS for Powys & Brecon Beacons National Park","","Records provided by BIS for Powys & Brecon Beacons National Park, accessed through NBN Atlas website.","","For more information: email info@bis.org.uk, or https://registry.nbnatlas.org/public/show/dp96","","","","1010"
"dp121","Suffolk Biodiversity Information Service","","Records provided by Suffolk Biodiversity Information Service, accessed through NBN Atlas website.","","For more information:  https://registry.nbnatlas.org/public/show/dp121","","","","2210"
"dr1335","Gloucestershire Historic Wildlife Sightings prior to 1st Jan 2000","doi:10.15468/dgf5es","Gloucestershire Centre for Environmental Records ([Insert download year]). Gloucestershire Historic Wildlife Sightings prior to 1st Jan 2000. Occurrence dataset on the NBN Atlas","Creative Commons with Attribution 4.0 (CC-BY) CC-BY","For more information:  https://registry.nbnatlas.org/public/show/dr1335","","","","41"
"dp242","World Museum, National Museums Liverpool","","Records provided by World Museum, National Museums Liverpool, accessed through NBN Atlas website.","","For more information:  https://registry.nbnatlas.org/public/show/dp242","","","","3"
"dp122","Natural Resources Wales","","Records provided by Natural Resources Wales, accessed through NBN Atlas website.","","For more information: email opendata@cyfoethnaturiolcymru.gov.uk, or https://registry.nbnatlas.org/public/show/dp122","","","","4910"
"dr2304","River Dee catchment Survey and identification of sites of importance to otter, 2004","10.15468/ekeqbp","Carss, D.N./Centre for Ecology and Hydrology (2004) Survey and identification of sites of importance to otter in the catchment of the River Dee. Scottish Natural Heritage Commissioned Report F03L08.","Open Government Licence (OGL)","For more information:  https://registry.nbnatlas.org/public/show/dr2304","","","","107"
"dr3116","Cambridgeshire and Peterborough Environmental Records Centre data","10.15468/w4pz93","Records provided by Cambridgeshire and Peterborough Environmental Records Centre data, accessed through NBN Atlas website.","Creative Commons, with Attribution, Non-commercial v4.0 (CC-BY-NC)","For more information:  https://registry.nbnatlas.org/public/show/dr3116","","","","1225"
"dp123","North East Scotland Biological Records Centre","","Records provided by North East Scotland Biological Records Centre, accessed through NBN Atlas website.","","For more information: email nesbrec@aberdeenshire.gov.uk, or https://registry.nbnatlas.org/public/show/dp123","","","","2327"
"dr1212","Welsh Invertebrate Database (WID)","10.15468/bv8fcj","Natural Resources Wales.  ([Insert year of download])  Welsh Invertebrate Database (WID). Occurrence dataset accessed through the NBNAtlas","Open Government Licence (OGL) © CNC/NRW
Data may be re-used under the terms of the Open Government Licence providing it is done so, acknowledging both the source and NRW's copyright. It is the recipient's responsibility to ensure the data is fit for the intended purpose.

Attribution statement: Contains Natural Resources Wales information © Natural Resources Wales and Database Right. All rights Reserved.","For more information:  https://registry.nbnatlas.org/public/show/dr1212","","","","1"
"dr2302","Review of otter status along the River Dee and its tributaries","10.15468/6hm2be","Conroy, JWH. 2000. Review of otter status along the River Dee and its tributaries. CEH Banchory. Report to SNH","Open Government Licence (OGL)","For more information:  https://registry.nbnatlas.org/public/show/dr2302","","","","118"
"dr780","Casual records for Scottish Wildlife Trust reserves - Verified data","doi:10.15468/zeay1d","Scottish Wildlife Trust ([Insert download year]). Casual records for Scottish Wildlife Trust reserves - Verified data. Occurrence dataset on the NBN Atlas","Creative Commons with Attribution 4.0 (CC-BY) CC-BY","For more information: email kedata@scottishwildlifetrust.org.uk, or https://registry.nbnatlas.org/public/show/dr780","","","","62"
"dr782","Shropshire Ecological Data Network database","doi:10.15468/5v5pvk","Shropshire Ecological Data Network ([Insert download year]). Shropshire Ecological Data Network database. Occurrence dataset on the NBN Atlas","Creative Commons with Attribution 4.0 (CC-BY) CC-BY","For more information: email alex.lockton@gmail.com, or https://registry.nbnatlas.org/public/show/dr782","","","","1190"
"dr1216","Rotherham Biological Records Centre - Non-sensitive Records from all taxonomic groups","doi:10.15468/d3tufo","Rotherham Biological Records Centre ([Insert download year]). Non-sensitive Records from all taxonomic groups. Occurrence dataset on the NBN Atlas.","Creative Commons, with Attribution, Non-commercial v4.0 (CC-BY-NC) CC-BY-NC","For more information: email Paul.Leonard@rotherham.gov.uk, or https://registry.nbnatlas.org/public/show/dr1216","","","","30"
"dp120","Shropshire Ecological Data Network","","Records provided by Shropshire Ecological Data Network, accessed through NBN Atlas website.","","For more information:  https://registry.nbnatlas.org/public/show/dp120","","","","1190"
"dr826","City of Edinburgh Natural Heritage Service - Natural Heritage Service Data","doi:10.15468/lexela","The Wildlife Information Centre ([Insert download year]). City of Edinburgh Natural Heritage Service - Natural Heritage Service Data. Occurrence dataset on the NBN Atlas","Open Government Licence (OGL) OGL","For more information: email admin@wildlifeinformation.co.uk, or https://registry.nbnatlas.org/public/show/dr826","","","","2"
"dp125","Whale and Dolphin Conservation","","Records provided by Whale and Dolphin Conservation, accessed through NBN Atlas website.","","For more information: email data@shorewatch.org, or https://registry.nbnatlas.org/public/show/dp125","","","","197"
"dr942","David Dodds Associates Ltd - Species Records","doi:10.15468/ie4asf","David Dodds Associates Ltd - Species Records, TWIC (2020)","Creative Commons, with Attribution, Non-commercial v4.0 (CC-BY-NC) CC-BY-NC","For more information: email admin@wildlifeinformation.co.uk, or https://registry.nbnatlas.org/public/show/dr942","","","","4"
"dr787","Otter (Lutra lutra), Outer Hebrides","doi:10.15468/tmvgpk","Outer Hebrides Biological Recording ([Insert download year]) Otter (Lutra lutra), Outer Hebrides. Occurrence dataset on the NBN Atlas","Creative Commons with Attribution 4.0 (CC-BY) CC-BY","For more information:  https://registry.nbnatlas.org/public/show/dr787","","","","459"
"dp126","South East Wales Biodiversity Records Centre","","Records provided by South East Wales Biodiversity Records Centre, accessed through NBN Atlas website.","","For more information:  https://registry.nbnatlas.org/public/show/dp126","","","","86"
"dr822","RHS monitoring of native and naturalised plants and animals at its gardens and surrounding areas","doi:10.15468/mjksef","Royal Horticultural Society ([Insert download year]). RHS monitoring of native and naturalised plants and animals at its gardens and surrounding areas. Occurrence dataset on the NBN Atlas","Creative Commons with Attribution 4.0 (CC-BY) CC-BY","For more information: email andrewsalisbury@rhs.org.uk, or https://registry.nbnatlas.org/public/show/dr822","","","","17"
"dp87","Joint Nature Conservation Committee","","Records provided by Joint Nature Conservation Committee, accessed through NBN Atlas website.","","For more information:  https://registry.nbnatlas.org/public/show/dp87","","","","2"
"dr938","BRERC species records from all years at full resolution excluding Notable Species within the last 10 years","doi:10.15468/h1ln5p","Bristol Regional Environmental Records Centre ([Insert download year]). BEREC species records from all years at full resolution excluding Notable Species within the last 10 years. Occurrence dataset on the NBN Atlas","Creative Commons, with Attribution, Non-commercial v4.0 (CC-BY-NC) BRERC retains copyright. The data is provided via the NBN Atlas for non-commercial purposes.","For more information: email info@brerc.org.uk, or https://registry.nbnatlas.org/public/show/dr938","","","","2213"
"dr819","Argyll Biological Records Dataset","10.15468/ejve6c","Argyll Biological Records Centre ([Insert year of download]). Argyll Biological Records Dataset. Occurrence dataset on the NBN Atlas","Creative Commons with Attribution 4.0 (CC-BY) CC-BY","For more information:  https://registry.nbnatlas.org/public/show/dr819","","","","1018"
"dp83","Natural England","","Records provided by Natural England, accessed through NBN Atlas website.","","For more information:  https://registry.nbnatlas.org/public/show/dp83","","","","2"
"dp81","Hebridean Whale and Dolphin Trust","","Records provided by Hebridean Whale and Dolphin Trust, accessed through NBN Atlas website.","","For more information: email info@hwdt.org, or https://registry.nbnatlas.org/public/show/dp81","","","","14"
"dr3763","ORKS Wildlife Recording Platform, Cornwall & Isles of Scilly","","Environmental Records Centre for Cornwall & Isles of Scilly 2025. ORKS Wildlife Recording Platform. Occurrence dataset on the NBN Atlas.","Creative Commons, with Attribution, Non-commercial v4.0 (CC-BY-NC)","For more information:  https://registry.nbnatlas.org/public/show/dr3763","","","","682"
"dr3366","Holy Loch Food Web","10.15468/sf86ac","Hammatt, N. Holy Loch Food Web Project 2022-","Creative Commons, with Attribution, Non-commercial v4.0 (CC-BY-NC) Sandbank Community Development Trust","For more information:  https://registry.nbnatlas.org/public/show/dr3366","","","","1"
"dr1742","Patrick Roper’s Notebooks","doi:10.15468/ntnedq","Records provided by Patrick Roper’s Notebooks, accessed through NBN Atlas website.","Creative Commons Zero v1.0 (CC0)","For more information:  https://registry.nbnatlas.org/public/show/dr1742","","For further detail please contact Penny Green at the Sussex Biodiversity Record Centre: pennygreen@sussexwt.org.uk  The SxBRC offers a comprehensive reporting service, the different search options can be viewed on the SxBRC website and you can download an information request form on which you can submit your enquiry: www.sxbrc.org.uk .

The data can be viewed at a 1km resolution however the full details may be obtained directly from the Sussex Biodiversity Record Centre on request. This is to protect the interests of our data providers and to enable us to keep functioning as a not-for-profit data-gathering organisation. An adminstrative charge may be made at the point of enquiry.","","1"
"dp111","Merseyside BioBank","","Records provided by Merseyside BioBank, accessed through NBN Atlas website.","","For more information: email info@merseysidebiobank.org.uk, or https://registry.nbnatlas.org/public/show/dp111","","","","43"
"dr2312","Survey of Eurasian otter distribution in the Glenmore - Aviemore area, 2018: Camera trap mammal records","10.15468/r9a5re","Pamplin, F. 2019. Survey of Eurasian otter (Lutra lutra) distribution in the Glenmore - Aviemore area. Scottish Natural Heritage Report.","Open Government Licence (OGL)","For more information:  https://registry.nbnatlas.org/public/show/dr2312","","","","98"
"dr1229","NRW Regional Data: all taxa (sensitive species only), West Wales","10.15468/0w974g","West Wales Biodiversity Information Centre ([Insert download year]). NRW Regional Data: all taxa (sensitive species only), West Wales. Occurrence dataset on the NBN Atlas","Open Government Licence (OGL) OGL","For more information: email Kate.jones@wwbic.org.uk, or https://registry.nbnatlas.org/public/show/dr1229","","","","184"
"dr3922","MammalWeb records (post-2024)","10.15468/dc9a4h","Hsing, P.-Y., Hill, R. A., Smith, G. C., Bradley, S., Green, S. E., Kent, V. T., Mason, S. S., Rees, J., Whittingham, M. J., Cokill, J., MammalWeb citizen scientists & Stephens, P. A. (2022). Large-scale mammal monitoring: The potential of a citizen science camera-trapping project in the United Kingdom. Ecological Solutions and Evidence, 3, e12180. https://doi.org/10.1002/2688-8319.12180","Creative Commons with Attribution 4.0 (CC-BY)","For more information:  https://registry.nbnatlas.org/public/show/dr3922","","","","17"
"dp118","Norfolk Biodiversity Information Service","","Records provided by Norfolk Biodiversity Information Service, accessed through NBN Atlas website.","","For more information: email enquiries.nbis@norfolk.gov.uk, or https://registry.nbnatlas.org/public/show/dp118","","","","2689"
"dp239","Sheffield and Rotherham Wildlife Trust","","Records provided by Sheffield and Rotherham Wildlife Trust, accessed through NBN Atlas website.","","For more information:  https://registry.nbnatlas.org/public/show/dp239","","","","100"
"dp119","Seasearch","","Records provided by Seasearch, accessed through NBN Atlas website.","","For more information:  https://registry.nbnatlas.org/public/show/dp119","","","","4"
"dr1628","UK Roadkill Records","10.15468/r3xakd","The Road Lab ([Insert download year]). UK Roadkill Records. Occurrence dataset on the NBN Atlas","Creative Commons, with Attribution, Non-commercial v4.0 (CC-BY-NC)","For more information:  https://registry.nbnatlas.org/public/show/dr1628","Project Splatter has been actively collecting roadkill records since the beginning of 2013, but some records may fall before this. Records before 2013 will only be sporadic records, however. The majority of records have an exact date of that the animal was found on (DD/MM/YYYY). Some records, however, do not have a date associated with the record. In these instances, the cell is left blank.","Additional information about the Project, and links to social media pages, can be found at https://www.theroadlab.co.uk. Project Splatter is also available to answer any questions about the database.","","1563"
"dr815","Protected and Invasive Species Records Collected Through Environment Agency Survey 1995 - 2021","doi:10.15468/awfvnp","Environment Agency ([Insert year of upload]). Protected and Invasive Species Records Collected Through Environment Agency Survey 1995 - 2021. Occurrence dataset on the NBN Atlas","Open Government Licence (OGL) OGL","For more information: email marina.flamank@environment-agency.gov.uk, or https://registry.nbnatlas.org/public/show/dr815","","","","4039"
"dr777","Species Records for John Muir Trust Properties Nevis, Sandwood, Quinag and Schiehallion 2010.","doi:10.15468/n9dwn0","John Muir Trust ([Insert download year]). Species Records for John Muir Trust Properties Nevis, Sandwood, Quinag and Schiehallion 2010. Occurrence dataset on the NBN Atlas","Creative Commons, with Attribution, Non-commercial v4.0 (CC-BY-NC) CC-BY-NC","For more information: email Elizabeth@jmt.org , or https://registry.nbnatlas.org/public/show/dr777","","","","5"
"dp115","Manx Biological Recording Partnership","","Records provided by Manx Biological Recording Partnership, accessed through NBN Atlas website.","","For more information:  https://registry.nbnatlas.org/public/show/dp115","","","","1"
"dp116","National Trust","","Records provided by National Trust, accessed through NBN Atlas website.","","For more information:  https://registry.nbnatlas.org/public/show/dp116","","","","164"
"dr537","Visual sightings data set 2003-2021","","Hebridean Whale and Dolphin Trust ([Insert download year]). Visual sightings data set 2003-2021. Occurrence dataset on the NBN Atlas","Creative Commons, with Attribution, Non-commercial v4.0 (CC-BY-NC) CC-BY-NC","For more information: email biodiversityofficer@hwdt.org, or https://registry.nbnatlas.org/public/show/dr537","","","","14"
"dr536","South Lanarkshire peatland records 2013","doi:10.15468/ne9wgl","Records provided by South Lanarkshire peatland records 2013, accessed through NBN Atlas website.","Creative Commons Zero v1.0 (CC0) CC0","For more information: email emilie.wadsworth@csgnt.org.uk, or https://registry.nbnatlas.org/public/show/dr536","","","","1"
"dr1190","Scottish Beaver Trial incidental species records","doi:10.15468/sn2oik","Scottish Beavers ([Insert download year]). Scottish Beaver Trial incidental species records. Occurrence dataset on the NBN Atlas","Creative Commons with Attribution 4.0 (CC-BY) CC-BY","For more information: email gdowse@scottishwildlifetrust.org.uk, or https://registry.nbnatlas.org/public/show/dr1190","","","","26"
"dr2681","Lothian Wildlife Information Centre - I-Spy 100 (public)","10.15468/49r9ta","Lothian Wildlife Information Centre ([Insert download year]). Lothian Wildlife Information Centre - I-Spy 100 (public). Occurrence dataset on the NBN Atlas","Creative Commons, with Attribution, Non-commercial v4.0 (CC-BY-NC)","For more information:  https://registry.nbnatlas.org/public/show/dr2681","","","","4"
"dr2682","Lothian Wildlife Information Centre - General Records (1900-1989)","10.15468/9zxene","Lothian Wildlife Information Centre ([Insert download year]). General Records (1900-1989). Occurrence dataset on the NBN Atlas","Creative Commons, with Attribution, Non-commercial v4.0 (CC-BY-NC)","For more information:  https://registry.nbnatlas.org/public/show/dr2682","","","","4"
"dr2045","Fermanagh Flora","10.15468/naz4v7","Fermanagh Flora, CEDaR (2019)","Creative Commons, with Attribution, Non-commercial v4.0 (CC-BY-NC)","For more information:  https://registry.nbnatlas.org/public/show/dr2045","","","","2"
"dr2287","British mammal skins in the collections of World Museum Liverpool","10.15468/hnrgzz","National Museums Liverpool ([Insert year of download]). British mammal skins in the collections of World Museum Liverpool. Occurrence dataset on the NBN Atlas","Creative Commons Zero v1.0 (CC0)","For more information:  https://registry.nbnatlas.org/public/show/dr2287","","","","3"
"dr1236","National Trust Species Records","doi:10.15468/opc6g1","National Trust ([Insert download year]). National Trust Species Records. Occurrence dataset on the NBN Atlas","Creative Commons Zero v1.0 (CC0) CC0","For more information:  https://registry.nbnatlas.org/public/show/dr1236","","","","164"
"dr841","Merseyside BioBank Active Naturalists (verified)","doi:10.15468/ugurj2","Merseyside BioBank (2020). Merseyside BioBank Active Naturalists (verified) www.merseysidebiobank.org.uk","Creative Commons, with Attribution, Non-commercial v4.0 (CC-BY-NC) CC-BY-NC","For more information: email Info@MerseysideBioBank.org.uk, or https://registry.nbnatlas.org/public/show/dr841","","","","5"
"dr840","Fife Nature Records Centre Combined Dataset","10.15468/ccc1ip","Fife Nature Records Centre ([Insert year of download]). Fife Nature Records Centre Combined Dataset. Occurrence dataset on the NBN Atlas.","Creative Commons, with Attribution, Non-commercial v4.0 (CC-BY-NC) CC-BY-NC","For more information:  https://registry.nbnatlas.org/public/show/dr840","","","","214"
"dr1510","Natalie Harmsworth's Records (2010-2019)","10.15468/us5dxg","Natalie Harmsworth's Records (2010-2019), TWIC (2019)","Creative Commons, with Attribution, Non-commercial v4.0 (CC-BY-NC) CC-BY-NC","For more information: email admin@wildlifeinformation.co.uk, or https://registry.nbnatlas.org/public/show/dr1510","","","","1"
"dp260","Herefordshire Wildlife Trust","","Records provided by Herefordshire Wildlife Trust, accessed through NBN Atlas website.","","For more information:  https://registry.nbnatlas.org/public/show/dp260","","","","9"
"dr1515","Ron McBeath records (2010 - 2014)","10.15468/jff6ct","The Wildlife Information Centre ([Insert download year]). Ron McBeath records (2010 - 2014). Occurrence dataset on the NBN Atlas","Creative Commons, with Attribution, Non-commercial v4.0 (CC-BY-NC) CC-BY-NC","For more information: email admin@wildlifeinformation.co.uk, or https://registry.nbnatlas.org/public/show/dr1515","","","","1"
"dr1758","Dr Mary Gillham Archive Project","10.15468/ajv47f","SEWBReC ([Insert download year]). Dr Mary Gillham Archive Project. Occurrence dataset on the NBN Atlas","Creative Commons with Attribution 4.0 (CC-BY)","For more information:  https://registry.nbnatlas.org/public/show/dr1758","","","","1"
"dr3416","Wales Otter Survey","10.15468/mkvhb4","Natural Resources Wales, Vincent Wildlife Trust, Wales Wildlife Trust. ([Insert year of download]) Wales Otter Survey. Occurrence dataset accessed through the NBNAtlas.","Open Government Licence (OGL) © CNC/NRW

Data may be re-used under the terms of the Open Government Licence providing it is done so, acknowledging both the source and NRW's copyright. It is the recipient's responsibility to ensure the data is fit for the intended purpose.

Attribution statement: Contains Natural Resources Wales, Vincent Wildlife Trust and Wales Wildlife Trust information © Natural Resources Wales and Database Right. All rights Reserved.","For more information:  https://registry.nbnatlas.org/public/show/dr3416","","","","3660"
"dr3939","WDC Shorewatch Sightings 2024-2025","10.15468/g8eb26","Whale and Dolphin Conservation (WDC) <Year of Publication>. <Species> sightings collected from Shorewatch sites around <site / region>. WDC Shorewatch Sightings Dataset <Insert time frame in which the sightings used were recorded>. Accessed <Insert the day, month and year the data were accessed and downloaded> via NBN Atlas occurrence download at http://nbnatlas.org. Made available under agreement on terms and conditions of use via the WDC Shorewatch Programme, whales.org/Shorewatch | data@shorewatch.org.","Creative Commons, with Attribution, Non-commercial v4.0 (CC-BY-NC) Please provide details of use to data@shorewatch.org for all data uses/publications (both formal and informal) so that we can internal track usage","For more information:  https://registry.nbnatlas.org/public/show/dr3939","","","","30"
"dp148","Scottish Beavers","","Records provided by Scottish Beavers, accessed through NBN Atlas website.","","For more information: email gdowse@scottishwildlifetrust.org.uk, or https://registry.nbnatlas.org/public/show/dp148","","","","26"
"dr325","Records of otters from surveys in relation to FCS casework in Angus, 2007","doi:10.15468/qeoq7t","NatureScot ([Insert download year]). Records of otters from surveys in relation to FCS casework in Angus, 2007. Occurrence dataset on the NBN Atlas","Open Government Licence (OGL) OGL","For more information:  https://registry.nbnatlas.org/public/show/dr325","","","","15"
"dp39","Central Scotland Green Network Trust","","Records provided by Central Scotland Green Network Trust, accessed through NBN Atlas website.","","For more information: email contact@csgnt.org.uk, or https://registry.nbnatlas.org/public/show/dp39","","","","1"
"dr327","Records of otters from Site Condition Monitoring in Scotland 2011-2012","doi:10.15468/3kuoll","NatureScot ([Insert download year]). Records of otters from Site Condition Monitoring in Scotland 2011-2012. Occurrence dataset on the NBN Atlas","Open Government Licence (OGL) OGL","For more information:  https://registry.nbnatlas.org/public/show/dr327","","","","465"
"dr2970","British records of herpetofauna published in the British Herpetological Society's journals","10.15468/v36dwu","British Herpetological Society ([Insert download year]). British records of herpetofauna published in the British Herpetological Society's journals. Occurrence dataset on the NBN Atlas","Creative Commons, with Attribution, Non-commercial v4.0 (CC-BY-NC)","For more information:  https://registry.nbnatlas.org/public/show/dr2970","","","","2"
"dr1486","Mammal Records (West Wales)","10.15468/vitiic","West Wales Biodiversity Information Centre ([Insert year of download]). Mammal Records (West Wales). Occurrence dataset on the NBN Atlas","Creative Commons, with Attribution, Non-commercial v4.0 (CC-BY-NC) CC-BY-NC","For more information:  https://registry.nbnatlas.org/public/show/dr1486","","Please contact the dataset administrator if more information is required.","","1679"
"dr2451","Mammal Mapper App Sighting Records","10.15468/mjw32e","Mammal Society [date of download] Mammal Mapper App Sighting Records","Creative Commons with Attribution 4.0 (CC-BY) CC BY
      		Creative Commons Attribution","For more information: email atlas@themammalsociety.org, or https://registry.nbnatlas.org/public/show/dr2451","","","","3250"
"dr2331","Non-avian taxa (BTO/JNCC/RSPB partnership)","","Records provided by BTO, accessed through NBN Atlas website","Open Government Licence (OGL)","For more information:  https://registry.nbnatlas.org/public/show/dr2331","","","","290"
"dr2578","Herefordshire Wildlife Trust - Records","10.15468/sau2jy","Data supplied by Herefordshire Wildlife Trust","Creative Commons, with Attribution, Non-commercial v4.0 (CC-BY-NC) CC BY-NC
      		Creative Commons Attribution Non-Commercial","For more information: email a.nixon@herefordshirewt.co.uk, or https://registry.nbnatlas.org/public/show/dr2578","","","","9"
"dr1522","LWIC - Local Patch Project","10.15468/4q5ynf","The Wildlife Information Centre ([Insert download year]). LWIC - Local Patch Project. Occurrence dataset on the NBN Atlas","Creative Commons, with Attribution, Non-commercial v4.0 (CC-BY-NC) CC-BY-NC","For more information: email admin@wildlifeinformation.co.uk, or https://registry.nbnatlas.org/public/show/dr1522","","","","3"
"dr1402","Yorkshire Wildlife Trust - Non-sensitive records from all taxonomic groups","doi:10.15468/2razk5","Records provided by Yorkshire Wildlife Trust - Non-sensitive records from all taxonomic groups, accessed through NBN Atlas website.","Creative Commons, with Attribution, Non-commercial v4.0 (CC-BY-NC) CC-BY-NC","For more information:  https://registry.nbnatlas.org/public/show/dr1402","","","","1306"
"dr1248","NRW Regional Data: North Wales","doi:10.15468/krljpu","Cofnod – North Wales Environmental Information Service ([Insert download year]). NRW Regional Data: North Wales. Occurrence dataset on the NBN Atlas","Open Government Licence (OGL) OGL","For more information: email record@cofnod.org.uk, or https://registry.nbnatlas.org/public/show/dr1248","","","","428"
"dp133","Record","","Records provided by Record, accessed through NBN Atlas website.","","For more information: email Info@record-lrc.co.uk, or https://registry.nbnatlas.org/public/show/dp133","","","","5"
"dr3788","2018 onwards Forsinard Flows Protected Species Checks","10.15468/c6j48c","RSPB ([Insert year of download]). 2018 onwards Forsinard Flows Protected Species Checks. Occurrence record dataset on the NBN Atlas","Creative Commons with Attribution 4.0 (CC-BY) RSPB must be acknowledged in any use of these data.","For more information:  https://registry.nbnatlas.org/public/show/dr3788","","","","24"
"dp130","Yorkshire Wildlife Trust","","Records provided by Yorkshire Wildlife Trust, accessed through NBN Atlas website.","","For more information: email info@ywt.org.uk, or https://registry.nbnatlas.org/public/show/dp130","","","","1308"
"dr671","National Mammal Atlas Project, online recording","doi:10.15468/i2eosa","National Mammal Atlas Project, online recording ([year of download])","Creative Commons, with Attribution, Non-commercial v4.0 (CC-BY-NC) CC BY-NC
      		Creative Commons Attribution Non-Commercial","For more information:  https://registry.nbnatlas.org/public/show/dr671","","","","8066"
"dp131","Cofnod - North Wales Environmental Information Service","","Records provided by Cofnod - North Wales Environmental Information Service, accessed through NBN Atlas website.","","For more information: email contactus@cofnod.org.uk, or https://registry.nbnatlas.org/public/show/dp131","","","","2505"
"dp29","British Trust for Ornithology","","Records provided by British Trust for Ornithology, accessed through NBN Atlas website.","","For more information: email info@bto.org, or https://registry.nbnatlas.org/public/show/dp29","","","","2455"
"dp137","Gloucestershire Centre for Environmental Records","","Records provided by Gloucestershire Centre for Environmental Records, accessed through NBN Atlas website.","","For more information: email gcer@gloucestershirewildlifetrust.co.uk, or https://registry.nbnatlas.org/public/show/dp137","","","","41"
"dp138","Environment Agency","","Records provided by Environment Agency, accessed through NBN Atlas website.","","For more information: email enquiries@environment-agency.gov.uk, or https://registry.nbnatlas.org/public/show/dp138","","","","4039"
"dp259","Nottinghamshire Wildlife Trust","","Records provided by Nottinghamshire Wildlife Trust, accessed through NBN Atlas website.","","For more information:  https://registry.nbnatlas.org/public/show/dp259","","","","31"
"dp139","Centre for Environmental Data and Recording","","Records provided by Centre for Environmental Data and Recording, accessed through NBN Atlas website.","","For more information: email cedar.info@nmni.com, or https://registry.nbnatlas.org/public/show/dp139","","","","1228"
